Punto,Título,Descripción
Agafay,Paisajes del desierto de Agafay,"Descubre un espectacular entorno de desierto rocoso formado por colinas áridas, amplios horizontes abiertos y magníficas vistas de las montañas del Atlas, especialmente durante los impresionantes atardeceres."
Agafay,Aventuras en el desierto,"Explora Agafay a través de paseos en camello, rutas en quad y senderismo mientras recorres algunos de los paisajes más sorprendentes de los alrededores de Marrakech."
Agafay,Una noche mágica bajo las estrellas,"Disfruta de una cena tradicional, un exclusivo campamento en el desierto y música bereber en vivo en un entorno único."
Aït Ben Haddou,El ksar más emblemático de Marruecos,"Contempla las impresionantes murallas de adobe, las casas fortificadas y los miradores que han convertido a este lugar en Patrimonio de la Humanidad por la UNESCO."
Aït Ben Haddou,Un viaje a través de la historia,"Recorre sus callejuelas históricas, explora el antiguo poblado fortificado y descubre siglos de historia caravanera."
Aït Ben Haddou,Entre patrimonio y cine,"Vive la experiencia de visitar uno de los escenarios cinematográficos más famosos del mundo, utilizado en numerosas películas y series."
Alto Atlas Central,El corazón más auténtico del Atlas,"Descubre profundos valles, montañas escarpadas y pequeños pueblos bereberes rodeados por algunos de los paisajes más impresionantes de Marruecos."
Alto Atlas Central,Explorar la montaña bereber,"Recorre pistas de montaña, visita aldeas tradicionales y disfruta de rutas por algunos de los rincones más remotos del país."
Alto Atlas Central,Naturaleza y tradición,"Sumérgete en la vida local, comparte momentos con familias bereberes y contempla paisajes que permanecen prácticamente inalterados."
Amanecer sobre las dunas,El despertar del Sahara,Observa cómo las primeras luces del día iluminan lentamente las dunas y transforman el desierto en un espectáculo de colores.
Amanecer sobre las dunas,Caminar sobre la arena dorada,Recorre las crestas de las dunas y disfruta de la tranquilidad absoluta de las primeras horas del día.
Amanecer sobre las dunas,Un momento inolvidable,Vive uno de los instantes más mágicos del viaje contemplando el sol surgir sobre el horizonte sahariano.
Anti-Atlas,Paisajes salvajes del sur marroquí,"Descubre montañas áridas, oasis escondidos y sorprendentes formaciones rocosas en una de las regiones más desconocidas del país."
Anti-Atlas,Aventuras entre montañas y oasis,"Recorre senderos, pistas panorámicas y pequeños pueblos tradicionales alejados de las rutas más turísticas."
Anti-Atlas,La esencia más auténtica de Marruecos,"Disfruta de paisajes vírgenes, tranquilidad absoluta y un contacto directo con la cultura bereber."
Asilah,La joya blanca del Atlántico,Descubre una encantadora medina de fachadas blancas decoradas con arte urbano junto a la costa atlántica marroquí.
Asilah,Pasear entre arte e historia,"Recorre sus murallas, callejuelas y plazas mientras descubres la esencia artística de la ciudad."
Asilah,Un refugio junto al océano,"Disfruta de espectaculares puestas de sol, ambiente relajado y una de las ciudades costeras más bonitas de Marruecos."
Boumalne Dades,La puerta del Valle del Dadès,"Contempla paisajes montañosos, kasbahs tradicionales y espectaculares formaciones rocosas que caracterizan esta región."
Boumalne Dades,Descubrir los paisajes del Dadès,"Recorre el valle, visita aldeas bereberes y explora algunos de los miradores más impresionantes del sur marroquí."
Boumalne Dades,Entre montañas y tradiciones,Vive la hospitalidad bereber y disfruta de la tranquilidad de uno de los valles más bellos del Atlas.
Boutaghrar,Un pueblo detenido en el tiempo,"Descubre uno de los rincones más auténticos del Alto Atlas Central rodeado de montañas, valles y tradiciones ancestrales."
Boutaghrar,Explorar la vida rural bereber,"Recorre caminos rurales, visita poblados tradicionales y conoce la forma de vida local."
Boutaghrar,Encuentros auténticos,Comparte experiencias con familias bereberes y descubre una forma de vida ligada a la montaña.
Cabo Espartel,Donde se encuentran dos mares,Contempla el espectacular punto donde el océano Atlántico y el mar Mediterráneo se unen frente a las costas de Marruecos.
Cabo Espartel,Recorrer acantilados y senderos,Pasea por los miradores naturales y disfruta de panorámicas únicas sobre la costa norte del país.
Cabo Espartel,Una de las mejores vistas de Marruecos,Disfruta de paisajes marinos espectaculares acompañados por la brisa del Atlántico.
Canteras de fósiles marinos,Un océano de hace 360 millones de años,Descubre impresionantes fósiles marinos que evidencian el pasado submarino de esta región sahariana.
Canteras de fósiles marinos,Explorar la historia geológica del Sahara,Visita talleres especializados y conoce el proceso de extracción y conservación de fósiles.
Canteras de fósiles marinos,Un viaje al pasado remoto,Observa restos únicos de criaturas marinas que habitaron estas tierras millones de años antes del desierto actual.
Casablanca,La gran metrópoli de Marruecos,"Descubre la ciudad más cosmopolita del país, donde la modernidad convive con la tradición a través de monumentos emblemáticos, amplias avenidas y su animado paseo marítimo."
Casablanca,Recorrer la capital económica marroquí,"Visita la impresionante Mezquita Hassan II, pasea por la Corniche y descubre la arquitectura Art Déco que caracteriza numerosos rincones de la ciudad."
Casablanca,Entre tradición y modernidad,Vive el contraste único entre el Marruecos contemporáneo y la herencia cultural de una ciudad abierta al océano Atlántico.
Chefchaouen,La perla azul de las montañas del Rif,"Descubre una de las ciudades más bellas de Marruecos, famosa por sus calles pintadas de azul y su atmósfera tranquila rodeada de montañas."
Chefchaouen,Perderse por la medina azul,"Pasea por callejuelas llenas de color, plazas encantadoras y rincones fotográficos que convierten cada paseo en una experiencia única."
Chefchaouen,Un destino lleno de encanto,"Disfruta de la serenidad, la cultura local y las vistas panorámicas de una de las ciudades más especiales del norte de África."
Cordillera del Alto Atlas,La gran columna vertebral de Marruecos,"Contempla impresionantes montañas, valles profundos y paisajes que cambian constantemente a lo largo de una de las cordilleras más espectaculares del continente."
Cordillera del Alto Atlas,Cruzar puertos y paisajes de altura,"Recorre carreteras panorámicas, senderos de montaña y pequeños pueblos bereberes escondidos entre las cumbres."
Cordillera del Alto Atlas,La grandeza de la montaña marroquí,"Disfruta de panorámicas espectaculares, naturaleza salvaje y la autenticidad de las comunidades locales."
Desierto de Agafay,El desierto más cercano a Marrakech,Descubre un paisaje de colinas áridas y llanuras pedregosas que ofrecen una experiencia desértica diferente y accesible.
Desierto de Agafay,Aventuras en plena naturaleza,"Realiza excursiones en camello, quad o a pie mientras exploras este sorprendente entorno natural."
Desierto de Agafay,Una escapada inolvidable,"Disfruta de cenas tradicionales, puestas de sol y noches bajo las estrellas en un entorno exclusivo."
Erg Chebbi,El gran mar de dunas del Sahara,"Admira inmensas dunas doradas, oasis escondidos y paisajes infinitos que representan la imagen más espectacular y auténtica del desierto marroquí."
Erg Chebbi,Descubrir el Sahara en primera persona,"Recorre las dunas en dromedario, practica sandboarding o explora los alrededores en vehículos todoterreno para vivir plenamente la aventura sahariana."
Erg Chebbi,La esencia del desierto,"Disfruta de inolvidables puestas de sol, noches bajo las estrellas y veladas acompañadas por música tradicional alrededor de una hoguera en pleno Sahara."
Errachidia,La puerta oriental del Sahara,"Descubre una ciudad rodeada de oasis, montañas y paisajes desérticos que actúa como punto de acceso a las grandes rutas del sur marroquí."
Errachidia,Explorar oasis y tradiciones,"Pasea por mercados locales, descubre los alrededores y conoce la vida cotidiana de esta región del sureste marroquí."
Errachidia,Un encuentro con el Marruecos auténtico,"Disfruta de la tranquilidad, la hospitalidad local y los paisajes característicos de las puertas del desierto."
Erfoud,La capital de los fósiles,"Descubre una ciudad famosa por sus fósiles milenarios, sus extensos palmerales y su estrecha relación con el desierto del Sahara."
Erfoud,Explorar la puerta del desierto,"Visita talleres de fósiles, pasea por los oasis cercanos y descubre la arquitectura tradicional de la región."
Erfoud,Tradición y desierto en perfecta armonía,Vive la atmósfera única de una ciudad históricamente ligada a las caravanas y al mundo sahariano.
Fez,La capital espiritual de Marruecos,"Descubre una de las ciudades imperiales más importantes del país, famosa por su inmensa medina y su extraordinario patrimonio histórico."
Fez,Viajar al corazón de la historia marroquí,"Recorre callejuelas medievales, visita madrasas históricas y contempla las tradicionales curtidurías que han hecho famosa a la ciudad."
Fez,Una experiencia cultural incomparable,"Sumérgete en siglos de historia, artesanía y tradición en una de las ciudades más fascinantes del mundo islámico."
Gargantas del Dadès,El cañón más espectacular del valle,"Descubre impresionantes formaciones rocosas, profundos desfiladeros y la famosa carretera serpenteante que ha convertido las Gargantas del Dadès en uno de los paisajes más icónicos del sur de Marruecos."
Gargantas del Dadès,Recorrer el valle de las mil kasbahs,"Explora carreteras panorámicas, senderos naturales y pequeños pueblos bereberes rodeados por montañas y oasis."
Gargantas del Dadès,Una de las rutas más fotogénicas de Marruecos,"Disfruta de miradores espectaculares, paisajes cambiantes y escenarios naturales únicos en pleno Atlas."
Gargantas del Todra,El gran cañón del sur marroquí,Contempla enormes paredes verticales de roca que se elevan hasta más de 300 metros formando uno de los desfiladeros más impresionantes del país.
Gargantas del Todra,Caminar entre gigantes de piedra,"Recorre el cañón siguiendo el curso del río, descubre sus rincones más espectaculares y disfruta de la naturaleza en estado puro."
Gargantas del Todra,Una experiencia de aventura y naturaleza,Vive la sensación de inmensidad que ofrecen sus paredes rocosas y sus espectaculares paisajes montañosos.
Gran duna del Erg Chebbi,La cima del Sahara marroquí,"Descubre una de las dunas más altas y emblemáticas del Erg Chebbi, desde donde se obtienen vistas panorámicas extraordinarias del desierto."
Gran duna del Erg Chebbi,Ascender al punto más alto de las dunas,Sube caminando por la arena dorada y contempla el inmenso mar de dunas que se extiende hasta el horizonte.
Gran duna del Erg Chebbi,El mejor balcón sobre el Sahara,Vive amaneceres y atardeceres inolvidables desde uno de los puntos más espectaculares del desierto marroquí.
Grutas de Hércules,Entre la leyenda y el océano,Explora las famosas cuevas asociadas a la mitología de Hércules y descubre uno de los lugares más emblemáticos de la costa atlántica marroquí.
Grutas de Hércules,Descubrir un lugar lleno de historia,Recorre las galerías naturales de la cueva y contempla la famosa abertura con forma del continente africano.
Grutas de Hércules,Un escenario único frente al Atlántico,Disfruta de espectaculares vistas al océano y de una atmósfera cargada de leyendas y misterio.
Hassi Labied,El oasis a los pies de las dunas,Descubre un pequeño oasis rodeado de palmeras y huertos tradicionales situado junto al impresionante Erg Chebbi.
Hassi Labied,Pasear entre oasis y desierto,"Recorre senderos entre palmeras, canales de riego y dunas que muestran el contraste entre agua y arena."
Hassi Labied,La tranquilidad del Sahara auténtico,Disfruta de la calma de la vida local y de algunos de los paisajes más representativos del sur marroquí.
Hotel Xaluca Dades,Un oasis de confort en el Valle del Dadès,"Situado en un entorno privilegiado, este hotel combina arquitectura tradicional, jardines y magníficas vistas a las montañas y al valle."
Hotel Xaluca Dades,Relajarse entre montañas y palmerales,"Disfruta de sus instalaciones, spa, piscina y espacios diseñados para el descanso tras una jornada de exploración."
Hotel Xaluca Dades,La hospitalidad del sur marroquí,Vive una experiencia de alojamiento única rodeado por algunos de los paisajes más impresionantes del Atlas.
Ifrane,La Suiza de Marruecos,"Descubre una ciudad sorprendente por su arquitectura alpina, sus jardines cuidados y su entorno natural rodeado de bosques de cedros."
Ifrane,Explorar las montañas del Medio Atlas,"Pasea por sus calles ordenadas, visita parques naturales y descubre los famosos bosques donde habitan los macacos de Berbería."
Ifrane,Un Marruecos diferente,"Disfruta de un ambiente tranquilo, paisajes verdes y temperaturas frescas que contrastan con otras regiones del país."
Kasbah Hotel Tombouctou,El espíritu de las antiguas caravanas,"Descubre un alojamiento inspirado en las kasbahs tradicionales del desierto, rodeado por las dunas del Erg Chebbi."
Kasbah Hotel Tombouctou,Relajarse junto al Sahara,"Disfruta de jardines, piscina y espacios diseñados para contemplar la belleza del entorno desértico."
Kasbah Hotel Tombouctou,Una estancia con alma sahariana,"Vive la experiencia de alojarte en un lugar que combina tradición, comodidad y paisajes inolvidables."
Kasbah Hotel Xaluca,El gran refugio del desierto,"Descubre uno de los hoteles más emblemáticos del sur de Marruecos, situado a las puertas del Sahara y rodeado de palmerales."
Kasbah Hotel Xaluca,Disfrutar de instalaciones únicas,"Relájate en sus jardines, piscinas, spa y espacios dedicados al descanso y la desconexión."
Kasbah Hotel Xaluca,Una experiencia auténticamente sahariana,"Combina confort, arquitectura tradicional y proximidad al desierto en una estancia inolvidable."
Khamlia,El pueblo de la música Gnawa,"Descubre un pequeño pueblo sahariano conocido por preservar las tradiciones musicales Gnawa, herencia cultural de origen africano transmitida de generación en generación."
Khamlia,Sumergirse en la cultura del desierto,"Conoce a sus habitantes, visita sus casas tradicionales y descubre la historia de una comunidad única en pleno Sahara."
Khamlia,Ritmos ancestrales en el corazón del desierto,Vive una experiencia auténtica disfrutando de actuaciones de música Gnawa acompañadas por la hospitalidad local.
Macizo del M'Goun,Uno de los grandes tesoros del Atlas,"Descubre espectaculares montañas, profundos valles y paisajes de alta montaña que forman parte de uno de los macizos más importantes de Marruecos."
Macizo del M'Goun,Explorar senderos y gargantas,"Recorre rutas de montaña, cruza pequeños pueblos bereberes y disfruta de algunos de los mejores paisajes para el senderismo del país."
Macizo del M'Goun,Naturaleza en estado puro,Vive la inmensidad del Atlas y descubre un entorno donde la naturaleza y las tradiciones locales siguen marcando el ritmo de vida.
Marrakech,La ciudad roja de Marruecos,"Descubre palacios, jardines, zocos y monumentos históricos que convierten a Marrakech en uno de los destinos más fascinantes del norte de África."
Marrakech,Perderse por la medina más vibrante del país,"Recorre mercados tradicionales, callejuelas llenas de vida y rincones donde la historia y la cultura están presentes en cada paso."
Marrakech,El alma cultural de Marruecos,"Disfruta del ambiente de Jemaa el-Fna, la gastronomía local y la energía única que caracteriza a esta ciudad imperial."
Meknès,La ciudad imperial más tranquila,"Descubre monumentales puertas, plazas históricas y un patrimonio excepcional en una de las cuatro ciudades imperiales de Marruecos."
Meknès,Recorrer siglos de historia,"Pasea por la medina, visita antiguas construcciones reales y descubre la herencia del sultán Moulay Ismail."
Meknès,Historia y autenticidad sin multitudes,Disfruta de una experiencia cultural más relajada mientras exploras uno de los grandes tesoros históricos del país.
Merdani,Dunas vírgenes del Sahara,Descubre una zona menos conocida del desierto donde las dunas permanecen prácticamente intactas y alejadas de las rutas más transitadas.
Merdani,Explorar el Sahara más salvaje,"Recorre paisajes de arena infinita, camina por las dunas y disfruta de la tranquilidad absoluta del entorno."
Merdani,El silencio más puro del desierto,"Vive una experiencia exclusiva rodeado únicamente por arena, cielo y horizontes infinitos."
Merzouga,La puerta del Erg Chebbi,"Descubre el pueblo más emblemático del Sahara marroquí, situado junto a algunas de las dunas más impresionantes del país."
Merzouga,Explorar el gran desierto marroquí,"Disfruta de excursiones en dromedario, rutas en todoterreno y actividades que permiten descubrir la esencia del Sahara."
Merzouga,El corazón de la experiencia sahariana,"Vive noches bajo las estrellas, atardeceres inolvidables y la hospitalidad característica del desierto."
Midelt,Entre el Medio y el Alto Atlas,Descubre una ciudad rodeada de montañas y paisajes naturales que sirve de conexión entre las regiones del norte y el sur de Marruecos.
Midelt,Explorar una región de contrastes,"Pasea por mercados locales, descubre sus famosos huertos y disfruta de espectaculares panorámicas montañosas."
Midelt,Naturaleza y tranquilidad,Vive una experiencia relajada en una de las regiones más auténticas del interior marroquí.
Mirador del desierto,El mejor balcón sobre el Sahara,Contempla una de las panorámicas más impresionantes del Erg Chebbi y del inmenso mar de dunas que lo rodea.
Mirador del desierto,Detenerse para admirar el paisaje,"Disfruta de fotografías espectaculares, momentos de contemplación y vistas que se extienden hasta el horizonte."
Mirador del desierto,Una panorámica inolvidable,"Vive la emoción de contemplar la inmensidad del desierto desde un punto privilegiado, especialmente al amanecer o al atardecer."
Montañas del Rif,El gran paisaje verde del norte de Marruecos,"Descubre una cadena montañosa cubierta de bosques, valles y pequeñas aldeas que ofrece algunos de los paisajes más verdes y sorprendentes del país."
Montañas del Rif,Explorar naturaleza y pueblos tradicionales,"Recorre senderos de montaña, visita aldeas rurales y disfruta de panorámicas únicas sobre las montañas del norte marroquí."
Montañas del Rif,La cara más natural de Marruecos,"Vive una experiencia diferente rodeado de tranquilidad, paisajes espectaculares y una profunda conexión con la naturaleza."
Monte Toubkal,La cima más alta del norte de África,"Contempla el majestuoso Monte Toubkal, que con sus 4.167 metros domina el paisaje del Alto Atlas y representa uno de los grandes desafíos para los amantes de la montaña."
Monte Toubkal,Ascender hasta el techo de Marruecos,"Recorre rutas de trekking de gran belleza atravesando valles, refugios de montaña y espectaculares paisajes alpinos."
Monte Toubkal,Una experiencia de superación y aventura,Vive la emoción de alcanzar la cumbre más alta del norte de África y disfrutar de vistas panorámicas inolvidables.
Moulay Idriss,La ciudad santa de Marruecos,"Descubre una de las ciudades más veneradas del país, situada sobre colinas y rodeada de un entorno cargado de historia y espiritualidad."
Moulay Idriss,Pasear por calles llenas de tradición,"Recorre sus callejuelas, plazas y miradores mientras conoces la importancia histórica y religiosa de este enclave."
Moulay Idriss,Un viaje a la esencia espiritual marroquí,"Disfruta de una atmósfera única donde tradición, cultura y patrimonio se mantienen vivos desde hace siglos."
Música Gnawa,El ritmo ancestral del desierto,"Descubre una de las expresiones culturales más auténticas de Marruecos, caracterizada por sus ritmos hipnóticos y profundas raíces africanas."
Música Gnawa,Sumergirse en una tradición única,"Conoce los instrumentos tradicionales, los cantos y las danzas que forman parte de esta manifestación cultural."
Música Gnawa,Una experiencia musical inolvidable,Déjate llevar por la energía de los músicos Gnawa y vive uno de los encuentros culturales más especiales del viaje.
Oasis del picnic,Un refugio verde en pleno desierto,Descubre un pequeño oasis rodeado de palmeras y vegetación que ofrece un sorprendente contraste con los paisajes áridos del entorno.
Oasis del picnic,Disfrutar de una pausa entre palmeras,Relájate en un entorno natural privilegiado mientras compartes una comida rodeado de naturaleza.
Oasis del picnic,Un momento de tranquilidad absoluta,Vive una experiencia de desconexión en uno de los escenarios más agradables y refrescantes del desierto.
Ouarzazate,La puerta del gran sur marroquí,"Descubre una ciudad rodeada de kasbahs, oasis y paisajes desérticos que se ha convertido en uno de los destinos más emblemáticos de Marruecos."
Ouarzazate,"Explorar historia, cine y cultura","Visita la Kasbah Taourirt, recorre los estudios cinematográficos y descubre los rincones más interesantes de la ciudad."
Ouarzazate,El Hollywood de Marruecos,Vive la experiencia de conocer algunos de los escenarios utilizados en famosas producciones internacionales mientras exploras la capital cinematográfica del país.
Pistas del Rally Dakar,Las rutas legendarias del desierto,Descubre los espectaculares paisajes por donde durante años transcurrieron algunas de las etapas más míticas del Rally Dakar en Marruecos.
Pistas del Rally Dakar,Recorrer caminos de aventura,"Explora pistas desérticas, llanuras pedregosas y rutas que atraviesan algunos de los paisajes más salvajes del Sahara."
Pistas del Rally Dakar,Sentir el espíritu del Dakar,Vive la emoción de recorrer escenarios históricos asociados a una de las competiciones más famosas del mundo.
Pizzería Des Dunes,Un rincón gastronómico en el desierto,"Descubre uno de los establecimientos más conocidos de Merzouga, situado a pocos pasos de las dunas del Erg Chebbi."
Pizzería Des Dunes,Disfrutar de sabores en el Sahara,Haz una pausa durante la ruta para degustar especialidades locales e internacionales en un ambiente relajado.
Pizzería Des Dunes,Gastronomía con vistas al desierto,"Combina buena comida, hospitalidad local y el espectacular entorno de las dunas saharianas."
Rabat,La elegante capital de Marruecos,"Descubre una ciudad donde historia, cultura y modernidad conviven junto al océano Atlántico y al río Bouregreg."
Rabat,Explorar monumentos y barrios históricos,"Visita la Torre Hassan, el Mausoleo Mohamed V y la Kasbah de los Udayas mientras recorres sus calles llenas de historia."
Rabat,Patrimonio y calidad de vida,"Disfruta de una ciudad tranquila, cuidada y repleta de espacios culturales que reflejan el Marruecos contemporáneo."
Rissani,La antigua capital de las caravanas,Descubre una ciudad histórica que durante siglos fue uno de los principales centros comerciales del Sahara marroquí.
Rissani,Sumergirse en las tradiciones del sur,"Recorre su famoso mercado, descubre antiguos ksour y conoce las costumbres que siguen marcando la vida local."
Rissani,La autenticidad del Marruecos sahariano,Vive una experiencia cultural única en uno de los lugares más genuinos y tradicionales del país.
Sidi Ali,El lago de las montañas marroquíes,"Descubre un entorno natural de gran belleza rodeado por montañas, bosques y amplios espacios abiertos."
Sidi Ali,Disfrutar de la naturaleza en estado puro,"Pasea junto al lago, observa aves y contempla algunos de los paisajes más tranquilos del Medio Atlas."
Sidi Ali,Un oasis de calma y naturaleza,"Vive momentos de desconexión rodeado de agua, montañas y un ambiente sereno alejado de las grandes ciudades."
Tánger,La puerta entre Europa y África,Descubre una ciudad cosmopolita marcada por su posición estratégica entre el Mediterráneo y el Atlántico.
Tánger,Recorrer siglos de historia e influencias culturales,"Explora la medina, los cafés históricos y los barrios que inspiraron a escritores y artistas de todo el mundo."
Tánger,El encuentro de dos continentes,"Disfruta de una atmósfera única donde conviven tradiciones marroquíes, europeas y mediterráneas."
Tetuán,La ciudad más andalusí de Marruecos,Descubre una ciudad declarada Patrimonio de la Humanidad que conserva una profunda herencia andalusí y española.
Tetuán,Pasear por una medina llena de historia,"Recorre callejuelas, plazas y talleres artesanales que reflejan siglos de intercambio cultural."
Tetuán,"Arte, tradición y patrimonio",Sumérgete en una de las ciudades culturales más interesantes del norte de Marruecos.
Tinerhir,El oasis entre montañas y palmerales,Descubre una ciudad rodeada por uno de los palmerales más extensos del sur marroquí y situada a las puertas de las Gargantas del Todra.
Tinerhir,Explorar el corazón del oasis,"Pasea entre palmeras, visita aldeas tradicionales y descubre la vida cotidiana de una de las regiones más fértiles del sur."
Tinerhir,El contraste perfecto entre agua y montaña,Disfruta de paisajes donde los oasis verdes se encuentran con las montañas áridas del Atlas creando escenarios únicos.
Valle del Drâa,El valle de los mil oasis,"Descubre uno de los paisajes más emblemáticos de Marruecos, donde interminables palmerales, antiguas kasbahs y pequeños pueblos acompañan el recorrido del río Drâa durante cientos de kilómetros."
Valle del Drâa,Recorrer la gran ruta de los oasis,"Explora carreteras panorámicas, visita aldeas tradicionales y descubre algunos de los oasis más impresionantes del sur marroquí."
Valle del Drâa,Un viaje por el Marruecos más auténtico,"Vive una experiencia única rodeado de cultura bereber, arquitectura tradicional y paisajes que han permanecido prácticamente inalterados durante siglos."
Valle del Ziz,El oasis más espectacular del Sahara marroquí,"Contempla uno de los mayores palmerales de Marruecos, donde miles de palmeras crean un impresionante corredor verde entre montañas y zonas desérticas."
Valle del Ziz,Descubrir la vida en torno al agua,"Recorre miradores panorámicos, visita pueblos oasis y conoce los sistemas tradicionales de irrigación que han dado vida a la región durante generaciones."
Valle del Ziz,El gran contraste del sur marroquí,Disfruta de paisajes sorprendentes donde la vegetación exuberante emerge en medio de entornos áridos y montañosos.
Volubilis,La gran ciudad romana de Marruecos,"Descubre el yacimiento arqueológico romano mejor conservado del país, famoso por sus mosaicos, columnas y monumentales restos históricos."
Volubilis,Viajar a la época del Imperio Romano,"Recorre antiguas calles, templos y residencias mientras descubres la importancia histórica de esta ciudad milenaria."
Volubilis,Un encuentro con la historia antigua,Vive una experiencia cultural única explorando uno de los conjuntos arqueológicos más importantes del norte de África.
Zagora,La puerta del gran Sahara,"Situada al final del Valle del Drâa, Zagora ha sido durante siglos un punto estratégico para las caravanas que se dirigían hacia Tombuctú."
Zagora,Explorar los paisajes del sur profundo,"Recorre palmerales, mercados tradicionales y paisajes desérticos que reflejan la esencia del sur marroquí."
Zagora,El espíritu de las antiguas caravanas,Descubre la historia de las rutas comerciales transaharianas y la cultura nómada que marcó esta región durante siglos.
Bivouac de Luxe,Una experiencia exclusiva en el Sahara,"Descubre un campamento de lujo situado entre las dunas, diseñado para ofrecer el máximo confort en pleno corazón del desierto."
Bivouac de Luxe,Disfrutar del desierto con todas las comodidades,"Relájate en elegantes haimas, contempla las dunas y vive la magia del Sahara en un entorno privilegiado."
Bivouac de Luxe,Una noche inolvidable bajo las estrellas,"Disfruta de una cena tradicional, música alrededor del fuego y uno de los cielos estrellados más impresionantes del mundo."
Akchour,El refugio natural del Rif,"Descubre un entorno de montañas, ríos y paisajes verdes situado cerca de Chefchaouen, ideal para conectar con la naturaleza."
Akchour,Rutas entre agua y montaña,"Recorre senderos naturales, cruza pequeños puentes y disfruta de paisajes frescos entre cascadas y formaciones rocosas."
Akchour,Una escapada llena de calma,"Vive una experiencia tranquila rodeado de naturaleza, agua cristalina y la belleza salvaje del Rif."
Aknioun,Un pueblo entre montañas,Descubre una localidad bereber rodeada por los paisajes minerales del Djebel Saghro y las montañas del sur marroquí.
Aknioun,Rutas por el sur profundo,"Recorre pistas, aldeas tradicionales y paisajes áridos que muestran la cara más auténtica del Marruecos interior."
Aknioun,Tradición bereber y paisaje,"Vive una experiencia local entre montañas, silencio y pueblos donde la vida mantiene un ritmo tradicional."
Alnif,La puerta de los fósiles del sur,"Descubre una pequeña localidad sahariana conocida por sus fósiles, paisajes áridos y conexión con las rutas del desierto."
Alnif,Explorar geología y oasis,"Visita zonas de fósiles, recorre paisajes pedregosos y descubre el contraste entre desierto, palmerales y montañas."
Alnif,Un alto auténtico en la ruta,Vive la esencia tranquila del sur marroquí en un enclave poco turístico y lleno de carácter.
Amskar,Un valle escondido del M'Goun,"Descubre un pequeño enclave bereber rodeado de montañas, campos cultivados y paisajes de gran belleza natural."
Amskar,Senderos entre pueblos y valles,"Recorre caminos rurales, cruza aldeas tradicionales y contempla la vida cotidiana en el Alto Atlas."
Amskar,Autenticidad en plena montaña,Vive una experiencia cercana con la cultura bereber en un entorno tranquilo y poco transitado.
Atlas Studios,El gran plató del desierto,"Descubre uno de los estudios cinematográficos más famosos de Marruecos, situado a las puertas de Ouarzazate."
Atlas Studios,Recorrer escenarios de película,Explora decorados utilizados en grandes producciones internacionales y conoce el papel de Ouarzazate en la industria del cine.
Atlas Studios,El Hollywood marroquí,"Vive una experiencia diferente entre kasbahs ficticias, escenarios monumentales y la magia del cine en pleno desierto."
Azrou,El corazón verde del Medio Atlas,"Descubre una ciudad rodeada de bosques de cedros, montañas suaves y paisajes frescos muy diferentes al sur desértico."
Azrou,Pasear entre cedros y naturaleza,"Explora sus alrededores, visita los bosques cercanos y observa los famosos macacos de Berbería."
Azrou,Una pausa natural en la ruta,"Disfruta de un entorno tranquilo, aire fresco y paisajes verdes en pleno Medio Atlas."
Bab al Mansour,La gran puerta imperial de Meknès,"Contempla una de las puertas monumentales más impresionantes de Marruecos, símbolo del esplendor de la ciudad imperial."
Bab al Mansour,Admirar la arquitectura marroquí,"Observa sus detalles decorativos, mosaicos y proporciones monumentales frente a la plaza principal de Meknès."
Bab al Mansour,Un icono histórico imprescindible,Vive la grandeza del legado de Moulay Ismail a través de uno de los monumentos más fotografiados del país.
Beni Mellal,Entre montañas y llanuras fértiles,"Descubre una ciudad situada al pie del Medio Atlas, rodeada de campos, montañas y paisajes naturales."
Beni Mellal,Explorar la región agrícola,"Recorre sus alrededores, visita miradores y descubre una zona clave entre el centro de Marruecos y las montañas."
Beni Mellal,Una parada tranquila y local,Vive una experiencia auténtica en una ciudad de paso con fuerte identidad regional y ambiente cotidiano.
Bosques de Cedros,El gran bosque del Medio Atlas,Descubre extensas masas de cedros centenarios que forman uno de los paisajes naturales más singulares de Marruecos.
Bosques de Cedros,Caminar entre árboles milenarios,"Pasea por senderos naturales, observa la fauna local y disfruta del aire fresco de la montaña."
Bosques de Cedros,Naturaleza viva del Atlas,"Vive una experiencia serena entre cedros, montañas y los famosos macacos de Berbería."
Cascadas de Akchour,El salto de agua del Rif,"Descubre una de las cascadas más bonitas del norte de Marruecos, escondida entre montañas y vegetación."
Cascadas de Akchour,Ruta hasta el agua cristalina,"Recorre senderos junto al río, cruza paisajes rocosos y llega a pozas naturales de gran belleza."
Cascadas de Akchour,Una experiencia refrescante,"Vive un momento de desconexión en un entorno natural perfecto para caminar, descansar y disfrutar del paisaje."
Cascadas de Ouzoud,Las cascadas más famosas de Marruecos,"Contempla impresionantes saltos de agua rodeados de vegetación, acantilados y pequeños miradores naturales."
Cascadas de Ouzoud,Recorrer miradores y senderos,"Pasea por los caminos que rodean las cascadas, descubre panorámicas únicas y observa la vida local."
Cascadas de Ouzoud,Un oasis de agua y naturaleza,"Disfruta de uno de los paisajes más refrescantes del país, ideal para una pausa entre montañas."
Chellah,La necrópolis histórica de Rabat,"Descubre un recinto arqueológico lleno de historia donde conviven restos romanos, arquitectura meriní y jardines."
Chellah,Pasear entre ruinas y naturaleza,"Recorre murallas, antiguos monumentos y espacios verdes habitados por cigüeñas en pleno corazón de Rabat."
Chellah,Un viaje por distintas épocas,"Vive una experiencia cultural única entre vestigios antiguos, silencio y una atmósfera cargada de historia."
Chott de Merzouga,El lago estacional del desierto,Descubre una llanura salina que aparece según la temporada junto a las dunas del Erg Chebbi.
Chott de Merzouga,Paisajes entre agua y arena,"Contempla reflejos, aves migratorias y horizontes abiertos donde el desierto muestra una cara inesperada."
Chott de Merzouga,Un contraste sahariano único,"Vive la sorpresa de encontrar agua, sal y vida natural en uno de los paisajes más áridos del país."
Chott Lac Maider,La gran llanura salina del sur,"Descubre una extensa depresión desértica rodeada de montañas, pistas saharianas y horizontes infinitos."
Chott Lac Maider,Recorrer paisajes minerales,"Explora llanuras áridas, zonas salinas y escenarios remotos asociados a las grandes rutas del desierto."
Chott Lac Maider,La inmensidad del Sahara profundo,"Vive una experiencia de silencio, amplitud y aventura en uno de los paisajes más solitarios del sur marroquí."
Curtiduría Chouara,El oficio ancestral de Fez,"Descubre una de las curtidurías más antiguas y famosas del mundo, donde el cuero se trabaja con métodos tradicionales."
Curtiduría Chouara,Observar artesanía viva,Contempla desde las terrazas los pozos de tintes naturales y el trabajo de los artesanos de la medina.
Curtiduría Chouara,Una imagen icónica de Marruecos,Vive una experiencia sensorial única que conecta con siglos de tradición artesanal en Fez.
Djemaa el-Fna,El gran escenario de Marrakech,"Descubre la plaza más famosa de Marruecos, llena de vida, música, puestos, aromas y movimiento constante."
Djemaa el-Fna,Pasear por el corazón de la medina,"Recorre sus puestos, terrazas y alrededores mientras la plaza cambia de ambiente entre el día y la noche."
Djemaa el-Fna,La energía de Marrakech,"Vive una experiencia imprescindible donde se mezclan cultura popular, gastronomía y espectáculo urbano."
Djebel Saghro,El paisaje lunar del sur,Descubre una cordillera árida y espectacular situada entre el Alto Atlas y el Sahara.
Djebel Saghro,Rutas entre roca y silencio,"Recorre pistas, cañones y formaciones minerales que crean uno de los paisajes más salvajes de Marruecos."
Djebel Saghro,Aventura bereber entre montañas,"Vive la sensación de atravesar un territorio remoto, tradicional y profundamente auténtico."
Essaouira,La ciudad atlántica del viento,"Descubre una ciudad costera llena de encanto, famosa por su medina, su puerto pesquero y su ambiente relajado."
Essaouira,Pasear entre murallas y océano,"Recorre la medina, la Skala, el puerto y la playa mientras disfrutas de la brisa atlántica."
Essaouira,"Arte, mar y tranquilidad","Vive una experiencia costera única donde se mezclan historia, música, artesanía y gastronomía marinera."
Farmacia bereber,La tradición natural marroquí,"Descubre un espacio dedicado a productos naturales, especias, aceites y remedios tradicionales del mundo bereber."
Farmacia bereber,Conocer aromas y propiedades,"Explora aceites, plantas medicinales, cosmética natural y mezclas tradicionales utilizadas en la vida local."
Farmacia bereber,Un encuentro con saberes ancestrales,"Vive una experiencia sensorial entre aromas, texturas y conocimientos transmitidos durante generaciones."
Fezzou,Un oasis del sur profundo,"Descubre un pequeño enclave rodeado de palmeras, paisajes áridos y la tranquilidad propia de las rutas saharianas."
Fezzou,Explorar palmerales y caminos locales,"Recorre senderos, oasis y aldeas cercanas donde el agua marca la vida cotidiana del desierto."
Fezzou,Una pausa auténtica en la ruta,"Vive la calma del sur marroquí en un paisaje de contraste entre vegetación, tierra y cielo abierto."
Gargantas del M'Goun,El desfiladero del Atlas Central,"Descubre un paisaje de cañones, paredes rocosas y valles escondidos en una de las zonas más auténticas del Atlas."
Gargantas del M'Goun,Caminar entre roca y agua,"Recorre senderos naturales, cruza pequeños pueblos y contempla la fuerza del paisaje montañoso."
Gargantas del M'Goun,Naturaleza y vida bereber,"Vive una experiencia inmersiva entre montañas, gargantas y comunidades locales del Alto Atlas."
Habs Qara,La prisión subterránea de Meknès,Descubre un lugar legendario asociado al reinado de Moulay Ismail y a la historia imperial de la ciudad.
Habs Qara,Explorar un espacio misterioso,Recorre sus galerías subterráneas y conoce las historias que rodean este enclave histórico.
Habs Qara,Memoria oculta de la ciudad imperial,"Vive una visita diferente entre arquitectura, leyenda y el pasado más enigmático de Meknès."
Heri es Souani,Los graneros reales de Meknès,"Descubre una de las grandes obras arquitectónicas del periodo de Moulay Ismail, diseñada para almacenar alimentos y agua."
Heri es Souani,Recorrer arquitectura monumental,"Explora salas abovedadas, muros históricos y espacios que muestran la ambición imperial de Meknès."
Heri es Souani,El poder logístico del imperio,Vive una experiencia histórica que revela la grandeza y organización de la antigua capital imperial.
Hotel Xaluca Spa Aguelmame Sidi Ali,Un refugio junto al lago,"Descubre un hotel situado en un entorno natural privilegiado, rodeado de montañas, agua y paisajes del Medio Atlas."
Hotel Xaluca Spa Aguelmame Sidi Ali,Descanso en plena naturaleza,"Disfruta de instalaciones pensadas para la desconexión, el bienestar y la contemplación del paisaje."
Hotel Xaluca Spa Aguelmame Sidi Ali,Una estancia de calma y montaña,"Vive una experiencia serena entre aire puro, naturaleza y hospitalidad en el corazón del Atlas."
Islas Purpurarias,El archipiélago frente a Essaouira,"Contempla las pequeñas islas situadas frente a la costa, vinculadas históricamente a la producción de tinte púrpura."
Islas Purpurarias,Mirar al Atlántico desde la ciudad,Disfruta de las vistas desde la Skala y el paseo marítimo mientras observas este enclave natural protegido.
Islas Purpurarias,Historia y naturaleza marina,"Vive el encanto de un paisaje costero donde se mezclan patrimonio, leyenda y biodiversidad."
Jardín Majorelle,El jardín más icónico de Marrakech,"Descubre un oasis botánico lleno de color, plantas exóticas y arquitectura azul intenso en plena ciudad roja."
Jardín Majorelle,Pasear entre arte y naturaleza,"Recorre senderos sombreados, fuentes, cactus y rincones diseñados con gran sensibilidad estética."
Jardín Majorelle,Una pausa de belleza y calma,"Vive una experiencia tranquila entre vegetación, diseño y uno de los espacios más fotografiados de Marrakech."
Jbel Saghro,El macizo mineral del sur,"Descubre montañas áridas, formas volcánicas y paisajes casi lunares entre el Atlas y el Sahara."
Jbel Saghro,Explorar rutas remotas,"Recorre pistas panorámicas, pueblos bereberes y valles secos de gran belleza escénica."
Jbel Saghro,La fuerza del paisaje sahariano,"Vive una experiencia de aventura en un territorio salvaje, silencioso y profundamente auténtico."
Kasbah de los Oudayas,La fortaleza azul y blanca de Rabat,"Descubre uno de los rincones más bellos de la capital, situado junto al río Bouregreg y el océano Atlántico."
Kasbah de los Oudayas,Pasear por calles tranquilas,"Recorre callejuelas encaladas, puertas azules, jardines andalusíes y miradores con vistas al mar."
Kasbah de los Oudayas,Un rincón con alma marinera,"Vive una experiencia serena entre historia, arquitectura y la brisa atlántica de Rabat."
Kasbah de Taourirt,El gran símbolo de Ouarzazate,Descubre una antigua kasbah de adobe que refleja la importancia histórica de las rutas caravaneras del sur.
Kasbah de Taourirt,Recorrer salas y patios históricos,"Explora pasillos, torres, patios y detalles decorativos que muestran la arquitectura tradicional del sur marroquí."
Kasbah de Taourirt,Patrimonio en la puerta del desierto,Vive una experiencia cultural imprescindible en uno de los monumentos más representativos de Ouarzazate.
Kasbah Hotel Meteorite,Un refugio entre montañas y desierto,"Descubre un alojamiento situado en una zona de paisajes minerales, rutas saharianas y cielos abiertos."
Kasbah Hotel Meteorite,Descansar en la ruta del sur,"Disfruta de un ambiente tranquilo, arquitectura tradicional y espacios pensados para recuperar fuerzas durante el viaje."
Kasbah Hotel Meteorite,Una estancia con carácter sahariano,"Vive una experiencia auténtica en un entorno remoto marcado por el silencio, la amplitud y la hospitalidad local."
Kem Kem,La tierra de los fósiles y el desierto,"Descubre una región sahariana famosa por sus yacimientos fósiles, paisajes áridos y horizontes infinitos."
Kem Kem,Explorar historia natural y pistas,"Recorre zonas desérticas, talleres de fósiles y paisajes que revelan millones de años de historia geológica."
Kem Kem,Un viaje al Sahara más antiguo,"Vive una experiencia única entre ciencia, aventura y la inmensidad del sur marroquí."
Khenifra,La puerta del Medio Atlas,"Descubre una ciudad rodeada de montañas, bosques, ríos y paisajes naturales de gran valor ecológico."
Khenifra,Explorar naturaleza y cultura local,"Recorre mercados, alrededores montañosos y espacios naturales asociados al Parque Nacional de Khenifra."
Khenifra,Un Marruecos verde y tranquilo,"Vive una experiencia diferente entre bosques, aire fresco y tradición amazigh."
Mausoleo Mohammed V,El gran monumento real de Rabat,Contempla un edificio emblemático que rinde homenaje a una de las figuras clave de la historia moderna de Marruecos.
Mausoleo Mohammed V,Admirar arte y arquitectura,"Observa mármoles, mosaicos, madera tallada y detalles decorativos de gran riqueza artesanal."
Mausoleo Mohammed V,Solemnidad y patrimonio,Vive una visita cargada de simbolismo en uno de los lugares más importantes de la capital.
Mausoleo de Moulay Ismail,El santuario imperial de Meknès,Descubre el mausoleo dedicado a uno de los sultanes más importantes de la historia marroquí.
Mausoleo de Moulay Ismail,Recorrer un espacio sagrado,"Admira patios, mosaicos y detalles arquitectónicos que reflejan la grandeza de la ciudad imperial."
Mausoleo de Moulay Ismail,Historia viva de Meknès,Vive una experiencia cultural y espiritual en uno de los monumentos más significativos de la ciudad.
M'diq,La costa mediterránea marroquí,"Descubre una localidad costera conocida por sus playas, su puerto y su ambiente veraniego junto al Mediterráneo."
M'diq,Pasear junto al mar,"Recorre el paseo marítimo, disfruta de la playa y contempla la vida local alrededor del puerto."
M'diq,Una pausa mediterránea,"Vive una experiencia relajada entre mar, gastronomía y paisajes costeros del norte de Marruecos."
Medina de Asilah,Arte blanco junto al Atlántico,"Descubre una medina luminosa, tranquila y decorada con murales que le dan un carácter artístico único."
Medina de Asilah,Pasear entre murallas y color,"Recorre callejuelas blancas, puertas azules y rincones llenos de encanto frente al océano."
Medina de Asilah,Un ambiente costero especial,"Vive una experiencia serena donde arte, historia y mar se combinan de forma natural."
Medina de Essaouira,La medina amurallada del Atlántico,"Descubre un casco histórico declarado Patrimonio de la Humanidad, lleno de talleres, zocos y ambiente marinero."
Medina de Essaouira,Perderse entre calles y artesanía,"Recorre callejuelas, tiendas, plazas y puertas históricas con el océano siempre cerca."
Medina de Essaouira,Historia con brisa marina,"Vive una experiencia relajada entre patrimonio, música, gastronomía y cultura atlántica."
Medina de Fez,El laberinto medieval de Marruecos,"Descubre una de las medinas más grandes y antiguas del mundo islámico, llena de historia y vida artesanal."
Medina de Fez,Recorrer oficios tradicionales,"Pasea entre zocos, madrasas, fuentes y talleres donde se conservan técnicas transmitidas durante siglos."
Medina de Fez,Un viaje al pasado,Vive una experiencia intensa y fascinante en el corazón espiritual y cultural de Marruecos.
Medina de Marrakech,El corazón histórico de la ciudad roja,"Descubre un entramado de zocos, riads, plazas y monumentos que concentran la esencia de Marrakech."
Medina de Marrakech,Pasear entre mercados y palacios,"Recorre callejuelas llenas de aromas, colores, artesanía y rincones cargados de historia."
Medina de Marrakech,La energía más vibrante de Marruecos,"Vive una experiencia sensorial única entre tradición, comercio, arquitectura y vida popular."
Medina de Tetuán,La herencia andalusí del norte,Descubre una medina declarada Patrimonio de la Humanidad que conserva una identidad cultural muy marcada.
Medina de Tetuán,Recorrer callejuelas auténticas,"Pasea entre mercados, talleres artesanales y plazas donde se mantiene viva la tradición local."
Medina de Tetuán,Patrimonio con alma mediterránea,"Vive una experiencia cultural entre influencias andalusíes, marroquíes y mediterráneas."
Mercado de Rissani,El gran zoco del Tafilalet,"Descubre uno de los mercados más auténticos del sur, famoso por su ambiente local y su antigua tradición comercial."
Mercado de Rissani,Recorrer puestos y tradiciones,"Pasea entre especias, dátiles, artesanía, animales y productos locales en un entorno lleno de vida."
Mercado de Rissani,La esencia comercial del Sahara,Vive una experiencia genuina en un mercado vinculado históricamente a las rutas caravaneras.
Mezquita Hassan II,El gran icono de Casablanca,"Contempla una de las mezquitas más impresionantes del mundo, situada junto al océano Atlántico."
Mezquita Hassan II,Admirar arquitectura monumental,"Descubre su minarete, mosaicos, mármoles y detalles artesanales que combinan tradición y grandeza."
Mezquita Hassan II,Espiritualidad frente al mar,Vive una experiencia única en uno de los monumentos más emblemáticos del Marruecos contemporáneo.
Mezquita Koutoubia,El símbolo de Marrakech,"Contempla el minarete más famoso de la ciudad roja, visible desde numerosos puntos de la medina."
Mezquita Koutoubia,Pasear por jardines históricos,"Recorre los alrededores de la mezquita, sus jardines y las zonas cercanas a Jemaa el-Fna."
Mezquita Koutoubia,Un icono de la ciudad imperial,Vive la presencia histórica y espiritual de uno de los monumentos más representativos de Marrakech.
Minas de M'Fis,Las antiguas minas del desierto,Descubre una zona minera histórica situada cerca de las rutas saharianas de Merzouga.
Minas de M'Fis,Explorar paisajes de trabajo y desierto,"Recorre pistas, antiguas construcciones y escenarios áridos que muestran otra cara del Sahara."
Minas de M'Fis,Memoria minera del sur,"Vive una experiencia diferente entre historia local, paisajes minerales y silencio sahariano."
Mirador del Dadès,El balcón del valle,"Contempla una panorámica espectacular del Valle del Dadès, sus montañas, kasbahs y formaciones rocosas."
Mirador del Dadès,Detenerse para admirar el paisaje,"Disfruta de vistas amplias, fotografías únicas y una perspectiva privilegiada sobre la carretera y el valle."
Mirador del Dadès,Una postal del sur marroquí,Vive uno de los momentos más visuales de la ruta entre montañas rojizas y oasis.
Mirador del Valle del Ziz,El gran balcón del palmeral,Contempla una de las vistas más impresionantes del sur de Marruecos sobre el inmenso oasis del Ziz.
Mirador del Valle del Ziz,Observar el contraste del paisaje,Disfruta de panorámicas donde las palmeras verdes destacan entre montañas áridas y tierra rojiza.
Mirador del Valle del Ziz,Una parada inolvidable,Vive un momento perfecto para entender la importancia del agua en las regiones presaharianas.
Monumentos del Alemán,Un punto singular del desierto,Descubre un enclave curioso asociado a historias locales y rutas remotas del Sahara marroquí.
Monumentos del Alemán,Explorar memoria y paisaje,"Recorre un lugar diferente rodeado de llanuras áridas, pistas desérticas y horizontes abiertos."
Monumentos del Alemán,Una parada llena de carácter,Vive una experiencia breve pero especial en un punto poco convencional de las rutas del sur.
Murallas de Essaouira,La defensa atlántica de la ciudad,Contempla las murallas históricas que protegen la medina y miran directamente al océano.
Murallas de Essaouira,Pasear por la Skala,"Recorre bastiones, cañones y miradores con vistas al puerto, las olas y la ciudad amurallada."
Murallas de Essaouira,Una postal frente al mar,"Vive la mezcla perfecta entre historia, arquitectura militar y paisaje atlántico."
Murallas portuguesas de Asilah,La huella atlántica de Asilah,Descubre las antiguas murallas que rodean la medina blanca y recuerdan el pasado portugués de la ciudad.
Murallas portuguesas de Asilah,Caminar junto al océano,"Pasea por sus defensas, miradores y calles cercanas mientras disfrutas de vistas al Atlántico."
Murallas portuguesas de Asilah,Historia y mar en calma,"Vive una experiencia tranquila entre patrimonio, arte urbano y paisaje costero."
N'Kob,El pueblo de las kasbahs,"Descubre una localidad del sur rodeada de montañas, palmerales y numerosas kasbahs tradicionales."
N'Kob,Explorar arquitectura y paisaje,"Recorre sus calles, alrededores y rutas hacia el Djebel Saghro entre construcciones de adobe y montañas."
N'Kob,Autenticidad del sur marroquí,Vive una experiencia serena en un enclave poco masificado y lleno de tradición bereber.
Oasis de Fezzou,Un jardín en el desierto,Descubre un pequeño oasis rodeado de palmeras que contrasta con los paisajes áridos de la región.
Oasis de Fezzou,Pasear entre palmeras y agua,"Recorre caminos locales, huertos y canales que muestran la vida en torno al oasis."
Oasis de Fezzou,Calma en el sur profundo,"Vive una pausa tranquila entre vegetación, sombra y la hospitalidad del mundo sahariano."
Oued Remlia,El cauce remoto del Sahara,"Descubre una zona desértica marcada por cauces secos, pistas de aventura y paisajes de gran amplitud."
Oued Remlia,Rutas por pistas saharianas,"Recorre caminos remotos, llanuras pedregosas y escenarios asociados a la aventura todoterreno."
Oued Remlia,El desierto más salvaje,"Vive una experiencia intensa entre silencio, horizontes infinitos y la sensación de ruta expedicionaria."
Ouzina,El desierto más tranquilo,"Descubre un pequeño enclave sahariano rodeado de dunas, hamadas y paisajes solitarios lejos de las rutas más concurridas."
Ouzina,Explorar dunas y pueblos remotos,"Recorre pistas de arena, visita aldeas del desierto y contempla paisajes de gran pureza visual."
Ouzina,Una experiencia sahariana íntima,"Vive la calma absoluta del desierto en un entorno auténtico, silencioso y lleno de belleza."
Palacio Bahía,La elegancia de Marrakech,"Descubre uno de los palacios más bellos de la ciudad, famoso por sus patios, jardines y decoración artesanal."
Palacio Bahía,Recorrer patios y salones,"Pasea entre mosaicos, techos de madera tallada y espacios que reflejan el refinamiento de la arquitectura marroquí."
Palacio Bahía,Un viaje al Marrakech palaciego,Vive una experiencia histórica y estética en uno de los monumentos imprescindibles de la medina.
Parque Nacional de Khenifra,El gran pulmón del Medio Atlas,"Descubre un espacio natural protegido con bosques, lagos, montañas y una gran diversidad de paisajes."
Parque Nacional de Khenifra,Explorar naturaleza protegida,"Recorre zonas forestales, observa fauna local y disfruta de rutas en un entorno fresco y tranquilo."
Parque Nacional de Khenifra,Un refugio verde de Marruecos,Vive una experiencia de desconexión en uno de los espacios naturales más importantes del interior del país.
Patas de Mono,Las rocas más curiosas del Dadès,Descubre formaciones rocosas redondeadas que crean uno de los paisajes más singulares del Valle del Dadès.
Patas de Mono,Observar esculturas naturales,"Pasea por los alrededores, fotografía las formas del terreno y contempla la fuerza erosiva del paisaje."
Patas de Mono,Una parada sorprendente,"Vive un momento visual único entre montañas rojizas, curvas del valle y formas geológicas caprichosas."
Playa de Essaouira,La gran playa atlántica,"Descubre una extensa playa de arena abierta al océano, conocida por su viento, su luz y su ambiente relajado."
Playa de Essaouira,Pasear junto al mar,"Camina por la orilla, observa deportes acuáticos y disfruta de las vistas de la ciudad desde la costa."
Playa de Essaouira,Una pausa frente al Atlántico,"Vive una experiencia tranquila entre brisa marina, horizontes abiertos y ambiente costero."
Plaza Jemaa el-Fna,El corazón vivo de Marrakech,"Descubre la plaza más emblemática de la ciudad, donde se concentran música, gastronomía y vida popular."
Plaza Jemaa el-Fna,Explorar el ambiente local,"Recorre puestos, terrazas y espectáculos callejeros mientras la plaza se transforma al caer la tarde."
Plaza Jemaa el-Fna,Una experiencia sensorial,"Vive el pulso auténtico de Marrakech entre aromas, sonidos, luces y tradición."
Plaza Uta el-Hammam,El centro de Chefchaouen,"Descubre la plaza principal de la ciudad azul, rodeada de cafés, restaurantes y arquitectura tradicional."
Plaza Uta el-Hammam,Disfrutar del ambiente local,"Siéntate en una terraza, contempla la kasbah y observa la vida cotidiana de la medina."
Plaza Uta el-Hammam,Un rincón lleno de encanto,Vive la atmósfera tranquila y colorida de Chefchaouen desde su punto más animado.
Pozos de Jorf,El ingenio del agua en el desierto,Descubre antiguos sistemas de captación y distribución de agua utilizados en las regiones presaharianas.
Pozos de Jorf,Conocer la vida del oasis,Explora estructuras tradicionales vinculadas al agua y comprende su importancia en el equilibrio del desierto.
Pozos de Jorf,Patrimonio hidráulico del sur,Vive una experiencia cultural que muestra cómo las comunidades han sabido adaptarse al entorno árido.
Puerto pesquero de Essaouira,El alma marinera de la ciudad,"Descubre un puerto lleno de barcas azules, actividad pesquera y ambiente auténtico frente al Atlántico."
Puerto pesquero de Essaouira,Pasear entre redes y barcos,"Observa la llegada del pescado, los puestos locales y el movimiento cotidiano de los pescadores."
Puerto pesquero de Essaouira,Sabor atlántico de Marruecos,"Vive una experiencia llena de color, tradición y gastronomía marinera."
Ras el-Maa,El manantial de Chefchaouen,Descubre un rincón fresco junto a la medina donde el agua baja desde las montañas del Rif.
Ras el-Maa,Pasear junto al agua,"Recorre los alrededores, observa lavaderos tradicionales y disfruta de vistas hacia la ciudad azul."
Ras el-Maa,Una pausa natural en la medina,"Vive un momento tranquilo entre sonido de agua, montaña y ambiente local."
Rekam,Las llanuras del este marroquí,"Descubre una región amplia y poco transitada, marcada por paisajes áridos, estepas y horizontes abiertos."
Rekam,Recorrer territorio remoto,"Explora pistas, llanuras y zonas de transición entre montañas, mesetas y desierto."
Rekam,La inmensidad del Marruecos interior,Vive una experiencia de ruta auténtica en un paisaje silencioso y diferente.
Skala de la Kasbah,El mirador fortificado de Essaouira,"Contempla uno de los lugares más emblemáticos de la ciudad, con cañones, murallas y vistas al Atlántico."
Skala de la Kasbah,Pasear por defensas históricas,"Recorre la fortificación, observa las olas y descubre el papel defensivo de Essaouira."
Skala de la Kasbah,Una imagen icónica del océano,"Vive una experiencia visual única entre piedra, mar, viento y patrimonio."
Tafraoute,El corazón del Anti-Atlas,"Descubre un pueblo rodeado de montañas de granito, palmerales y paisajes rocosos de gran belleza."
Tafraoute,Explorar valles y formaciones rocosas,"Recorre caminos panorámicos, aldeas bereberes y rincones naturales únicos del sur marroquí."
Tafraoute,Color y calma en el Anti-Atlas,"Vive una experiencia tranquila entre montañas rosadas, cultura local y paisajes sorprendentes."
Tisserdimine,Un oasis junto al Erg Chebbi,"Descubre una zona sahariana cercana a las dunas, rodeada de palmerales, arena y vida tradicional."
Tisserdimine,Recorrer caminos del desierto,"Explora pistas, oasis y paisajes que conectan las aldeas saharianas con el gran mar de dunas."
Tisserdimine,La vida al borde del Sahara,"Vive una experiencia auténtica entre palmeras, dunas y la calma del desierto."
Tizi n'Tichka,El gran puerto del Alto Atlas,"Descubre una carretera panorámica que cruza montañas, valles y pueblos bereberes entre Marrakech y Ouarzazate."
Tizi n'Tichka,Recorrer curvas de altura,"Disfruta de miradores, paisajes cambiantes y paradas fotográficas en uno de los pasos más famosos del país."
Tizi n'Tichka,La travesía del Atlas,Vive la emoción de cruzar la cordillera por una ruta histórica llena de panorámicas espectaculares.
Torre Hassan,El minarete inacabado de Rabat,"Contempla uno de los monumentos más emblemáticos de la capital, símbolo del patrimonio almohade."
Torre Hassan,Recorrer la explanada histórica,"Pasea entre columnas, jardines y espacios monumentales junto al Mausoleo Mohammed V."
Torre Hassan,Historia monumental frente al Bouregreg,Vive una visita imprescindible para comprender la grandeza histórica de Rabat.
Universidad Al-Qarawiyyin,El gran centro del saber de Fez,Descubre uno de los espacios intelectuales y religiosos más importantes de la historia del mundo islámico.
Universidad Al-Qarawiyyin,Admirar patrimonio académico,"Contempla su arquitectura, su legado cultural y su papel en la transmisión del conocimiento."
Universidad Al-Qarawiyyin,Sabiduría histórica de Marruecos,Vive una experiencia cultural vinculada al prestigio espiritual e intelectual de Fez.
Valle de las Rosas,El valle perfumado del Atlas,"Descubre una región famosa por sus cultivos de rosas, kasbahs y paisajes fértiles entre montañas."
Valle de las Rosas,Recorrer pueblos y campos,"Pasea por aldeas, huertos y zonas de cultivo donde la rosa forma parte de la identidad local."
Valle de las Rosas,Aromas y tradición bereber,"Vive una experiencia sensorial entre naturaleza, productos artesanales y cultura del Alto Atlas."
Valle del Dadès,El valle de las kasbahs y montañas,"Descubre un paisaje espectacular de oasis, gargantas, pueblos bereberes y formaciones rocosas."
Valle del Dadès,Recorrer una ruta panorámica,"Explora carreteras serpenteantes, miradores y aldeas tradicionales rodeadas de montañas rojizas."
Valle del Dadès,Una de las joyas del sur marroquí,"Vive una experiencia inolvidable entre naturaleza, cultura bereber y paisajes de gran fuerza visual."
Zocos de Marrakech,El gran laberinto comercial de la medina,"Descubre un mundo de artesanía, especias, lámparas, alfombras y colores en pleno corazón de Marrakech."
Zocos de Marrakech,Pasear entre talleres y mercados,Recorre callejones llenos de vida donde artesanos y comerciantes mantienen tradiciones centenarias.
Zocos de Marrakech,Una experiencia sensorial única,"Vive el ambiente más intenso de la ciudad entre aromas, sonidos, negociación y cultura local."